"$r [deg]","Time [ms]","InducedVoltage(int) [mV]"
0,0,340.895
0,0.0625,206.256396742947
0,0.125,71.6175343434289
0,0.1875,38.724894404722
0,0.25,24.9418598533211
0,0.3125,14.7698776421992
0,0.375,5.29242722508225
0,0.4375,-3.96549345583357
0,0.5,-12.9709175962409
0,0.5625,-21.5733103169748
0,0.625,-29.5943718105272
0,0.6875,-36.8551019221312
0,0.75,-43.1878364289861
0,0.8125,-48.4436433616576
0,0.875,-52.4976501438674
0,0.9375,-55.2530411267823
0,1,-56.6439954268789
0,1.0625,-56.637649090382
0,1.125,-55.2351163839321
0,1.1875,-52.4715997532985
0,1.25,-48.4156175346383
0,1.3125,-43.1673728709425
0,1.375,-36.8563320144899
0,1.4375,-29.6380582644587
0,1.5,-21.6904057696102
0,1.5625,-13.2091524846062
0,1.625,-4.4031891473937
0,1.6875,4.51061718939496
0,1.75,13.312758273793
0,1.8125,21.7864858741661
0,1.875,29.7231461921094
0,1.9375,36.9273155083696
0,2,43.2216105696898
0,2.0625,48.4510538364088
0,2.125,52.4868956287004
0,2.1875,55.2297741061512
0,2.25,56.612164175883
0,2.3125,56.6000434579476
0,2.375,55.1937268448866
0,2.4375,52.4278576945374
0,2.5,48.3705590992573
0.3,0,369.026
0.3,0.0625,221.592539352027
0.3,0.125,74.159523276169
0.3,0.1875,35.9196840509827
0.3,0.25,19.6662155196564
0.3,0.3125,8.2886467445569
0.3,0.375,-1.74003143502588
0.3,0.4375,-11.1488575384063
0.3,0.5,-20.0201127304328
0.3,0.5625,-28.2616308110401
0.3,0.625,-35.7302220721181
0.3,0.6875,-42.2732614009028
0.3,0.75,-47.7471008121368
0.3,0.8125,-52.0271704853269
0.3,0.875,-55.014285247919
0.3,0.9375,-56.638787107547
0.3,1,-56.8631933234645
0.3,1.0625,-55.6836497520975
0.3,1.125,-53.1303366780779
0.3,1.1875,-49.2669135481762
0.3,1.25,-44.1890675966219
0.3,1.3125,-38.0222318670042
0.3,1.375,-30.9185445884206
0.3,1.4375,-23.053135193389
0.3,1.5,-14.6198337977823
0.3,1.5625,-5.82641338879326
0.3,1.625,3.1105154461954
0.3,1.6875,11.9708307465183
0.3,1.75,20.5363136743757
0.3,1.8125,28.5960178655426
0.3,1.875,35.9514604618318
0.3,1.9375,42.4215072469756
0.3,2,47.8468311169237
0.3,2.0625,52.093833725677
0.3,2.125,55.0579343198351
0.3,2.1875,56.6661439916926
0.3,2.25,56.8788623176482
0.3,2.3125,55.690851989179
0.3,2.375,53.1313673104276
0.3,2.4375,49.2634338976776
0.3,2.5,44.1822960461257
0.6,0,391.352
0.6,0.0625,228.545322429666
0.6,0.125,65.7384239956222
0.6,0.1875,25.6135906431086
0.6,0.25,9.68967407560047
0.6,0.3125,-0.994353546584896
0.6,0.375,-10.1916702229747
0.6,0.4375,-18.6283429709426
0.6,0.5,-26.3770134076958
0.6,0.5625,-33.3530939888428
0.6,0.625,-39.4343352322809
0.6,0.6875,-44.4974491856721
0.6,0.75,-48.4331590480458
0.6,0.8125,-51.1540666833141
0.6,0.875,-52.5993347720749
0.6,0.9375,-52.7375248262075
0.6,1,-51.5681223516696
0.6,1.0625,-49.1219899548887
0.6,1.125,-45.4608758056985
0.6,1.1875,-40.6760630812459
0.6,1.25,-34.8862328473196
0.6,1.3125,-28.2346164044822
0.6,1.375,-20.8855195942998
0.6,1.4375,-13.0203133537607
0.6,1.5,-4.83299374437062
0.6,1.5625,3.47457577914507
0.6,1.625,11.6976207933138
0.6,1.6875,19.6334874656008
0.6,1.75,27.0866244750574
0.6,1.8125,33.8733918299615
0.6,1.875,39.8265779729768
0.6,1.9375,44.7995131471526
0.6,2,48.6696780295861
0.6,2.0625,51.3417180976606
0.6,2.125,52.7497896651563
0.6,2.1875,52.8591797576836
0.6,2.25,51.667159393488
0.6,2.3125,49.2030500508136
0.6,2.375,45.527500578424
0.6,2.4375,40.7309932653479
0.6,2.5,34.9316153298477
0.9,0,410.426
0.9,0.0625,236.040237610831
0.9,0.125,61.654149512591
0.9,0.1875,18.5828114661355
0.9,0.25,1.88330692538593
0.9,0.3125,-8.81679277951383
0.9,0.375,-17.6535777310542
0.9,0.4375,-25.4817796310899
0.9,0.5,-32.4302388980836
0.9,0.5625,-38.4489884691217
0.9,0.625,-43.444840936554
0.9,0.6875,-47.3232128228054
0.9,0.75,-50.00464633466
0.9,0.8125,-51.4327703490134
0.9,0.875,-51.5785391277392
0.9,0.9375,-50.4424131039777
0.9,1,-48.0551474190829
0.9,1.0625,-44.4774930902724
0.9,1.125,-39.7989758335721
0.9,1.1875,-34.1358621485507
0.9,1.25,-27.628406247703
0.9,1.3125,-20.4374693960139
0.9,1.375,-12.7406083610988
0.9,1.4375,-4.7277377674732
0.9,1.5,3.40352160255956
0.9,1.5625,11.4526914659372
0.9,1.625,19.221359633706
0.9,1.6875,26.5180556817684
0.9,1.75,33.1629587991229
0.9,1.8125,38.9923197415318
0.9,1.875,43.8624889002866
0.9,1.9375,47.6534500844705
0.9,2,50.2717731583077
0.9,2.0625,51.6529125820412
0.9,2.125,51.762795100054
0.9,2.1875,50.5986575179551
0.9,2.25,48.1891134935492
0.9,2.3125,44.5934483427621
0.9,2.375,39.9001582865284
0.9,2.4375,34.2247709200078
0.9,2.5,27.7070000353425
1.2,0,398.844
1.2,0.0625,227.19576243594
1.2,0.125,55.5476371149335
1.2,0.1875,11.8881359458724
1.2,0.25,-5.13026984200052
1.2,0.3125,-15.6071114565079
1.2,0.375,-23.8241807270509
1.2,0.4375,-30.7627346469072
1.2,0.5,-36.6327872711517
1.2,0.5625,-41.4399562366402
1.2,0.625,-45.1350048832862
1.2,0.6875,-47.6623836620375
1.2,0.75,-48.9794807661326
1.2,0.8125,-49.0654109860224
1.2,0.875,-47.9252120759426
1.2,0.9375,-45.5915958545566
1.2,1,-42.1251504245817
1.2,1.0625,-37.6134153502248
1.2,1.125,-32.1690584677315
1.2,1.1875,-25.9273038237458
1.2,1.25,-19.0427292110868
1.2,1.3125,-11.6855423302081
1.2,1.375,-4.03744462470893
1.2,1.4375,3.71280532376748
1.2,1.5,11.3740135734889
1.2,1.5625,18.7572400069204
1.2,1.625,25.6804371927502
1.2,1.6875,31.9729231038217
1.2,1.75,37.4795763585088
1.2,1.8125,42.0646501884293
1.2,1.875,45.6151106090647
1.2,1.9375,48.0434162451349
1.2,2,49.289671214653
1.2,2.0625,49.3230977678207
1.2,2.125,48.1427923730468
1.2,2.1875,45.7777465527111
1.2,2.25,42.2861317870784
1.2,2.3125,37.7538661646057
1.2,2.375,32.2924979263793
1.2,2.4375,26.0364581258726
1.2,2.5,19.1397498019483
1.5,0,395.325
1.5,0.0625,221.462828041937
1.5,0.125,47.6008260918817
1.5,0.1875,4.80724432511039
1.5,0.25,-11.1831129993682
1.5,0.3125,-20.8054096180109
1.5,0.375,-28.2347318278556
1.5,0.4375,-34.3589401187807
1.5,0.5,-39.3499663259855
1.5,0.5625,-43.210278835726
1.5,0.625,-45.9050033037495
1.5,0.6875,-47.4010055224838
1.5,0.75,-47.6814656653849
1.5,0.8125,-46.7522878961149
1.5,0.875,-44.6449397281356
1.5,0.9375,-41.4172954071909
1.5,1,-37.1531404621754
1.5,1.0625,-31.96066662844
1.5,1.125,-25.970155097416
1.5,1.1875,-19.330992491356
1.5,1.25,-12.2081405424291
1.5,1.3125,-4.77817570918856
1.5,1.375,2.77498795137754
1.5,1.4375,10.2645763068905
1.5,1.5,17.5055169578877
1.5,1.5625,24.3189683701664
1.5,1.625,30.5367023663138
1.5,1.6875,36.0052301005769
1.5,1.75,40.5895686486227
1.5,1.8125,44.176554612355
1.5,1.875,46.6776225085027
1.5,1.9375,48.0309789831584
1.5,2,48.2031190535568
1.5,2.0625,47.1896468608371
1.5,2.125,45.01538024928
1.5,2.1875,41.7337367144353
1.5,2.25,37.4254156925709
1.5,2.3125,32.1964093412485
1.5,2.375,26.1753909753766
1.5,2.4375,19.5105452282049
1.5,2.5,12.3659179814038
1.8,0,414.353
1.8,0.0625,227.341804520601
1.8,0.125,40.3306629569718
1.8,0.1875,-4.91962210748964
1.8,0.25,-21.3062530822089
1.8,0.3125,-30.6878727034758
1.8,0.375,-37.5125794974866
1.8,0.4375,-42.7495743944407
1.8,0.5,-46.6166575490799
1.8,0.5625,-49.1553889181134
1.8,0.625,-50.3697439465055
1.8,0.6875,-50.2668336897158
1.8,0.75,-48.8716487139896
1.8,0.8125,-46.2329525437911
1.8,0.875,-42.4254139024232
1.8,0.9375,-37.5495494037541
1.8,1,-31.7302867601962
1.8,1.0625,-25.1145161744467
1.8,1.125,-17.8678668734633
1.8,1.1875,-10.17088357311
1.8,1.25,-2.21475049485371
1.8,1.3125,5.80330030641155
1.8,1.375,13.6847596726938
1.8,1.4375,21.2346771731375
1.8,1.5,28.266438158632
1.8,1.5625,34.6062935472068
1.8,1.625,40.0976083389295
1.8,1.6875,44.6047355402668
1.8,1.75,48.0163290497682
1.8,1.8125,50.2480581774428
1.8,1.875,51.2447019581868
1.8,1.9375,50.9814847476031
1.8,2,49.4646982996602
1.8,2.0625,46.7315017325245
1.8,2.125,42.8490393248586
1.8,2.1875,37.9127733241683
1.8,2.25,32.0441303278711
1.8,2.3125,25.3875092045255
1.8,2.375,18.1067236058965
1.8,2.4375,10.3809667652799
1.8,2.5,2.40039764761911
2.1,0,404.44
2.1,0.0625,218.969908698379
2.1,0.125,33.4998290310527
2.1,0.1875,-11.736481065817
2.1,0.25,-27.99250965988
2.1,0.3125,-36.9388200302395
2.1,0.375,-43.0656404880578
2.1,0.4375,-47.4007092916159
2.1,0.5,-50.2117505915068
2.1,0.5625,-51.5830382496827
2.1,0.625,-51.5571036706967
2.1,0.6875,-50.1773268774151
2.1,0.75,-47.5034582943758
2.1,0.8125,-43.6176976601912
2.1,0.875,-38.6265352253193
2.1,0.9375,-32.6602605091774
2.1,1,-25.8709901179719
2.1,1.0625,-18.4296671146334
2.1,1.125,-10.5223158334449
2.1,1.1875,-2.3457587386502
2.1,1.25,5.89703446577695
2.1,1.3125,14.0018128786326
2.1,1.375,21.7679830332584
2.1,1.4375,29.0034844466897
2.1,1.5,35.5294731809465
2.1,1.5625,41.1846922024092
2.1,1.625,45.8294176303129
2.1,1.6875,49.34888050972
2.1,1.75,51.6560786872805
2.1,1.8125,52.6939082889525
2.1,1.875,52.4365612912842
2.1,1.9375,50.8901541017704
2.1,2,48.0925717785947
2.1,2.0625,44.1125307118535
2.1,2.125,39.0478830996027
2.1,2.1875,33.0232047483512
2.1,2.25,26.1867249756856
2.1,2.3125,18.70667505869
2.1,2.375,10.7671437831167
2.1,2.4375,2.56354352460848
2.1,2.5,-5.70220282283199
2.4,0,392.268
2.4,0.0625,207.66668277601
2.4,0.125,23.0652251830656
2.4,0.1875,-20.4902983041195
2.4,0.25,-35.4305825363268
2.4,0.3125,-43.1731096549186
2.4,0.375,-48.0706030832155
2.4,0.4375,-51.1133129138841
2.4,0.5,-52.5723029312293
2.4,0.5625,-52.5515654675011
2.4,0.625,-51.1206592625136
2.4,0.6875,-48.3533978083189
2.4,0.75,-44.3411965487408
2.4,0.8125,-39.1976735783191
2.4,0.875,-33.0593320069522
2.4,0.9375,-26.0840994980588
2.4,1,-18.4485479566117
2.4,1.0625,-10.3442086808304
2.4,1.125,-1.97326973569532
2.4,1.1875,6.45613667032307
2.4,1.25,14.7348797767014
2.4,1.3125,22.6578758397034
2.4,1.375,30.029031230618
2.4,1.4375,36.6660326838005
2.4,1.5,42.4047862477445
2.4,1.5625,47.103425445845
2.4,1.625,50.6457844396919
2.4,1.6875,52.9442402993325
2.4,1.75,53.9418573837316
2.4,1.8125,53.6137776733396
2.4,1.875,51.9678243203243
2.4,1.9375,49.0443090593565
2.4,2,44.9150229089502
2.4,2.0625,39.6814727808139
2.4,2.125,33.4723784459807
2.4,2.1875,26.4404937008558
2.4,2.25,18.7588479903001
2.4,2.3125,10.6164830020896
2.4,2.375,2.21379583317046
2.4,2.4375,-6.24239677700491
2.4,2.5,-14.543948436173
2.7,0,354.856
2.7,0.0625,183.743504873341
2.7,0.125,12.6313896309724
2.7,0.1875,-28.1765795158589
2.7,0.25,-41.9771120753448
2.7,0.3125,-48.6435758149039
2.7,0.375,-52.3213464300235
2.7,0.4375,-54.0133985124095
2.7,0.5,-54.0324192626634
2.7,0.5625,-52.5245575094335
2.7,0.625,-49.5996150630189
2.7,0.6875,-45.3700422705559
2.7,0.75,-39.9642200760774
2.7,0.8125,-33.5307152466155
2.7,0.875,-26.2383737305271
2.7,0.9375,-18.2738396906578
2.7,1,-9.83838148250235
2.7,1.0625,-1.14353239140299
2.7,1.125,7.59369831068621
2.7,1.1875,16.1558819114561
2.7,1.25,24.3303302282706
2.7,1.3125,31.9144748651091
2.7,1.375,38.7202926469599
2.7,1.4375,44.5792387136916
2.7,1.5,49.3462122908819
2.7,1.5625,52.9031329681754
2.7,1.625,55.161829828989
2.7,1.6875,56.0661820110735
2.7,1.75,55.5934887498374
2.7,1.8125,53.7550017002716
2.7,1.875,50.5956777359027
2.7,1.9375,46.1930270746667
2.7,2,40.655165344799
2.7,2.0625,34.1182461862535
2.7,2.125,26.7431535701512
2.7,2.1875,18.7112400568266
2.7,2.25,10.2201277125159
2.7,2.3125,1.47876198264166
2.7,2.375,-7.29773475208623
2.7,2.4375,-15.8933395663708
2.7,2.5,-24.0964443878331
3,0,305.229
3,0.0625,154.499566237725
3,0.125,3.77013147181938
3,0.1875,-32.0057424427605
3,0.25,-43.9279694976279
3,0.3125,-49.3862503928554
3,0.375,-51.9914634230495
3,0.4375,-52.6396915740428
3,0.5,-51.6392721965149
3,0.5625,-49.157525899134
3,0.625,-45.3305420337827
3,0.6875,-40.2961876226785
3,0.75,-34.2054561314651
3,0.8125,-27.2258307366938
3,0.875,-19.5409313825194
3,0.9375,-11.3481293926848
3,1,-2.85495315740646
3,1.0625,5.72524441947521
3,1.125,14.1780468842769
3,1.1875,22.2929330641068
3,1.25,29.8682464391034
3,1.3125,36.7160142114348
3,1.375,42.6664735172229
3,1.4375,47.5721795164721
3,1.5,51.3115838675099
3,1.5625,53.7919880085088
3,1.625,54.9517980499253
3,1.6875,54.7620201294596
3,1.75,53.2269577014696
3,1.8125,50.3840928424948
3,1.875,46.3031544562309
3,1.9375,41.0843920991578
3,2,34.8561035672824
3,2.0625,27.7714683708184
3,2.125,20.0047738356893
3,2.1875,11.7471197452799
3,2.25,3.20171041599961
3,2.3125,-5.42115115240112
3,2.375,-13.9092433346639
3,2.4375,-22.0536530050154
3,2.5,-29.6539208921545
3.3,0,254.961
3.3,0.0625,124.83738079002
3.3,0.125,-5.28608096570256
3.3,0.1875,-35.8023083082809
3.3,0.25,-45.5323288797432
3.3,0.3125,-49.5076442344246
3.3,0.375,-50.8567606285592
3.3,0.4375,-50.3691680072424
3.3,0.5,-48.3330756631114
3.3,0.5625,-44.9200956219763
3.3,0.625,-40.2785338755613
3.3,0.6875,-34.5605117828405
3.3,0.75,-27.9305849701229
3.3,0.8125,-20.5676247369289
3.3,0.875,-12.6635848963446
3.3,0.9375,-4.42058815524086
3.3,1,3.95296762520771
3.3,1.0625,12.2468697027277
3.3,1.125,20.2538384471438
3.3,1.1875,27.774349016131
3.3,1.25,34.6213575360535
3.3,1.3125,40.6247749124113
3.3,1.375,45.635565849694
3.3,1.4375,49.52935242425
3.3,1.5,52.2094296094697
3.3,1.5625,53.6091109018829
3.3,1.625,53.6933445623079
3.3,1.6875,52.4595558654017
3.3,1.75,49.9376950434414
3.3,1.8125,46.1894875730929
3.3,1.875,41.3069042228859
3.3,1.9375,35.409889119344
3.3,2,28.6433992350979
3.3,2.0625,21.1738308678555
3.3,2.125,13.1849169704171
3.3,2.1875,4.87320075268424
3.3,2.25,-3.55680805519545
3.3,2.3125,-11.897670156805
3.3,2.375,-19.9441278211678
3.3,2.4375,-27.4981598341274
3.3,2.5,-34.3738593112187
3.6,0,197.53
3.6,0.0625,90.8821559105669
3.6,0.125,-15.7660297805598
3.6,0.1875,-40.2698719670932
3.6,0.25,-47.3848806952855
3.6,0.3125,-49.527132796133
3.6,0.375,-49.3078975878177
3.6,0.4375,-47.4084736585555
3.6,0.5,-44.0991580736698
3.6,0.5625,-39.5577984253819
3.6,0.625,-33.9463206350169
3.6,0.6875,-27.4320454859724
3.6,0.75,-20.1936521486324
3.6,0.8125,-12.4213577948022
3.6,0.875,-4.31475131414696
3.6,0.9375,3.92070206024081
3.6,1,12.0779357505586
3.6,1.0625,19.9528732084048
3.6,1.125,27.3491327059538
3.6,1.1875,34.0826525801636
3.6,1.25,39.9860823465723
3.6,1.3125,44.9128054455222
3.6,1.375,48.7404779251735
3.6,1.4375,51.3739746774188
3.6,1.5,52.7477961604027
3.6,1.5625,52.8274756352407
3.6,1.625,51.610514604155
3.6,1.6875,49.1264537448761
3.6,1.75,45.4360724731938
3.6,1.8125,40.6299151305236
3.6,1.875,34.8260197828646
3.6,1.9375,28.1670457739497
3.6,2,20.8167745934942
3.6,2.0625,12.9559805471614
3.6,2.125,4.77803301288359
3.6,2.1875,-3.51584812130902
3.6,2.25,-11.7215767407695
3.6,2.3125,-19.6372238111237
3.6,2.375,-27.0679904021865
3.6,2.4375,-33.8310060079812
3.6,2.5,-39.7598324876436
3.9,0,127.798
3.9,0.0625,50.6025723926889
3.9,0.125,-26.593232102145
3.9,0.1875,-43.2901378816486
3.9,0.25,-47.2582190506173
3.9,0.3125,-47.4305218264923
3.9,0.375,-45.6494973097795
3.9,0.4375,-42.4133232143606
3.9,0.5,-37.95141694167
3.9,0.5625,-32.4401631068024
3.9,0.625,-26.0514380129782
3.9,0.6875,-18.9645714067618
3.9,0.75,-11.3683978036812
3.9,0.8125,-3.45973906529988
3.9,0.875,4.55974328000092
3.9,0.9375,12.4875267672862
3.9,1,20.1246148536456
3.9,1.0625,27.2800559803459
3.9,1.125,33.7753966342188
3.9,1.1875,39.4489069556477
3.9,1.25,44.1594462547881
3.9,1.3125,47.7898549773184
3.9,1.375,50.2497791950748
3.9,1.4375,51.4778505611303
3.9,1.5,51.4431636710377
3.9,1.5625,50.1460116518976
3.9,1.625,47.6178586184548
3.9,1.6875,43.9205497615156
3.9,1.75,39.1447756986395
3.9,1.8125,33.4078303575551
3.9,1.875,26.8507148224677
3.9,1.9375,19.6346587103631
3.9,2,11.9371449672855
3.9,2.0625,3.94753584689943
3.9,2.125,-4.13759355403234
3.9,2.1875,-12.1192984965498
3.9,2.25,-19.8011658140019
3.9,2.3125,-26.9941522673606
3.9,2.375,-33.5212409753908
3.9,2.4375,-39.2218016898018
3.9,2.5,-43.9555473840149
4.2,0,43.4954
4.2,0.0625,4.67382727914511
4.2,0.125,-34.1477819744924
4.2,0.1875,-42.939315029013
4.2,0.25,-44.4231565747604
4.2,0.3125,-43.1067772755175
4.2,0.375,-40.0962319959914
4.2,0.4375,-35.7947515125599
4.2,0.5,-30.4405842480162
4.2,0.5625,-24.2304450599683
4.2,0.625,-17.3530949234553
4.2,0.6875,-9.99920339519132
4.2,0.75,-2.36322640859155
4.2,0.8125,5.35804538619904
4.2,0.875,12.9685156233325
4.2,0.9375,20.2765732588751
4.2,1,27.0991957216756
4.2,1.0625,33.2660794858115
4.2,1.125,38.6235966661584
4.2,1.1875,43.0384247968969
4.2,1.25,46.4007279635874
4.2,1.3125,48.6267921918694
4.2,1.375,49.6610384876039
4.2,1.4375,49.4773569465593
4.2,1.5,48.0797245019392
4.2,1.5625,45.5020882029488
4.2,1.625,41.8075150771498
4.2,1.6875,37.0866281391645
4.2,1.75,31.4553662329003
4.2,1.8125,25.0521222722434
4.2,1.875,18.0343299287719
4.2,1.9375,10.5745824488237
4.2,2,2.85637906673907
4.2,2.0625,-4.93039658474708
4.2,2.125,-12.5941546816254
4.2,2.1875,-19.9463190781197
4.2,2.25,-26.805972550898
4.2,2.3125,-33.004313287141
4.2,2.375,-38.3888127325631
4.2,2.4375,-42.8269725526705
4.2,2.5,-46.209588293493
4.5,0,-23.3739
4.5,0.0625,-33.0440554355889
4.5,0.125,-42.7142392331175
4.5,0.1875,-43.8269712073792
4.5,0.25,-42.216532072499
4.5,0.3125,-39.0071640391434
4.5,0.375,-34.5749311789236
4.5,0.4375,-29.1469949976776
4.5,0.5,-22.9148654802879
4.5,0.5625,-16.0632145629342
4.5,0.625,-8.77856592492035
4.5,0.6875,-1.25095557658856
4.5,0.75,6.32756468430245
4.5,0.8125,13.7659748824349
4.5,0.875,20.8780762214698
4.5,0.9375,27.4865622053
4.5,1,33.4270865306382
4.5,1.0625,38.5521297288272
4.5,1.125,42.7345183465035
4.5,1.1875,45.8704828575149
4.5,1.25,47.8821629769498
4.5,1.3125,48.7194900706087
4.5,1.375,48.3613954024621
4.5,1.4375,46.8163107439618
4.5,1.5,44.1219476220269
4.5,1.5625,40.3443584002836
4.5,1.625,35.5763024178369
4.5,1.6875,29.9349559670038
4.5,1.75,23.5590224986076
4.5,1.8125,16.6053135923098
4.5,1.875,9.24488500917206
4.5,1.9375,1.65882236991297
4.5,2,-5.96621970880154
4.5,2.0625,-13.4426150353133
4.5,2.125,-20.5863873097746
4.5,2.1875,-27.2217410652065
4.5,2.25,-33.1853914684582
4.5,2.3125,-38.3305856539245
4.5,2.375,-42.5307168846892
4.5,2.4375,-45.6824426563186
4.5,2.5,-47.7082300385335
4.8,0,-90.5815
4.8,0.0625,-70.2916723936289
4.8,0.125,-50.0018339873347
4.8,0.1875,-44.2957951666099
4.8,0.25,-40.333966204112
4.8,0.3125,-35.7521304028296
4.8,0.375,-30.2516483189518
4.8,0.4375,-23.9280225187157
4.8,0.5,-16.952280565314
4.8,0.5625,-9.51288743953688
4.8,0.625,-1.80481816493538
4.8,0.6875,5.97428041536298
4.8,0.75,13.6274625715889
4.8,0.8125,20.9624064113891
4.8,0.875,27.79567896393
4.8,0.9375,33.9568352679526
4.8,1,39.2924167192825
4.8,1.0625,43.669620872949
4.8,1.125,46.9794901059355
4.8,1.1875,49.1395431909427
4.8,1.25,50.0957811426596
4.8,1.3125,49.8239349635185
4.8,1.375,48.3301099106879
4.8,1.4375,45.6505580823092
4.8,1.5,41.8508072380039
4.8,1.5625,37.0240005688484
4.8,1.625,31.2887136048491
4.8,1.6875,24.7858824132686
4.8,1.75,17.6753472112444
4.8,1.8125,10.1319204004618
4.8,1.875,2.34117321212921
4.8,1.9375,-5.5052765459966
4.8,2,-13.2143477182921
4.8,2.0625,-20.5963295873447
4.8,2.125,-27.4695971422603
4.8,2.1875,-33.6650375015559
4.8,2.25,-39.0302032960379
4.8,2.3125,-43.4330778094816
4.8,2.375,-46.7653295971108
4.8,2.4375,-48.944987342779
4.8,2.5,-49.9184685521542
5.1,0,-165.799
5.1,0.0625,-112.701365670372
5.1,0.125,-59.6032949477033
5.1,0.1875,-45.5677369075422
5.1,0.25,-38.2667790999177
5.1,0.3125,-31.5940911838381
5.1,0.375,-24.4869512767318
5.1,0.4375,-16.8660138562232
5.1,0.5,-8.85813224491645
5.1,0.5625,-0.641693926837171
5.1,0.625,7.58877799470902
5.1,0.6875,15.6345370448512
5.1,0.75,23.299551369716
5.1,0.8125,30.3961422283234
5.1,0.875,36.7500105020794
5.1,0.9375,42.2047760722431
5.1,1,46.6259722240449
5.1,1.0625,49.9044569900037
5.1,1.125,51.9591606530132
5.1,1.1875,52.7391210443111
5.1,1.25,52.2247618886674
5.1,1.3125,50.4283909822757
5.1,1.375,47.3939017678278
5.1,1.4375,43.1957054439987
5.1,1.5,37.9368864340828
5.1,1.5625,31.7466730937583
5.1,1.625,24.7772524075757
5.1,1.6875,17.2000214174531
5.1,1.75,9.20136476943939
5.1,1.8125,0.978062978196771
5.1,1.875,-7.26755449438138
5.1,1.9375,-15.3325949003521
5.1,2,-23.0185932374289
5.1,2.0625,-30.1364088555735
5.1,2.125,-36.510879079045
5.1,2.1875,-41.9851365553056
5.1,2.25,-46.4244711421261
5.1,2.3125,-49.7196478534724
5.1,2.375,-51.7895977822623
5.1,2.4375,-52.5834150124134
5.1,2.5,-52.0816100683291
5.4,0,-230.28
5.4,0.0625,-148.267976947323
5.4,0.125,-66.2563270790822
5.4,0.1875,-45.2231678850493
5.4,0.25,-35.2930291125414
5.4,0.3125,-27.0677946139673
5.4,0.375,-18.814655993022
5.4,0.4375,-10.303352980822
5.4,0.5,-1.62436464202023
5.4,0.5625,7.05174333308183
5.4,0.625,15.5313115716578
5.4,0.6875,23.6162853253968
5.4,0.75,31.1137851469203
5.4,0.8125,37.8429113864641
5.4,0.875,43.6401891602066
5.4,0.9375,48.3641638806509
5.4,1,51.8992433594957
5.4,1.0625,54.1587694944667
5.4,1.125,55.0872705939014
5.4,1.1875,54.6618972554314
5.4,1.25,52.8930876274685
5.4,1.3125,49.8242879659642
5.4,1.375,45.5309569436682
5.4,1.4375,40.1186649834189
5.4,1.5,33.7205378041677
5.4,1.5625,26.4939803490432
5.4,1.625,18.6168017777654
5.4,1.6875,10.2828388788627
5.4,1.75,1.69718399919923
5.4,1.8125,-6.92886471203078
5.4,1.875,-15.3830063278896
5.4,1.9375,-23.4571627662844
5.4,2,-30.9525989205688
5.4,2.0625,-37.6848399755382
5.4,2.125,-43.488204842972
5.4,2.1875,-48.2198577606362
5.4,2.25,-51.7633371785108
5.4,2.3125,-54.0314497095239
5.4,2.375,-54.9683976705384
5.4,2.4375,-54.551139012205
5.4,2.5,-52.79001034331
5.7,0,-296.579
5.7,0.0625,-184.289234378212
5.7,0.125,-71.9992575918386
5.7,0.1875,-43.6826751853457
5.7,0.25,-31.1869970935932
5.7,0.3125,-21.556960655495
5.7,0.375,-12.3271771344405
5.7,0.4375,-3.10091896027677
5.7,0.5,6.07265709010545
5.7,0.5625,15.0331289783795
5.7,0.625,23.5894373094746
5.7,0.6875,31.5460273591233
5.7,0.75,38.7152565691134
5.7,0.8125,44.925305608266
5.7,0.875,50.0260070767712
5.7,0.9375,53.8933916735922
5.7,1,56.4332171362722
5.7,1.0625,57.5835442141692
5.7,1.125,57.316415258162
5.7,1.1875,55.63863122072
5.7,1.25,52.5916337796713
5.7,1.3125,48.2505285349921
5.7,1.375,42.7222454350471
5.7,1.4375,36.1429232545815
5.7,1.5,28.67456055538
5.7,1.5625,20.5010380160683
5.7,1.625,11.8235923222561
5.7,1.6875,2.85586387601945
5.7,1.75,-6.18136230338436
5.7,1.8125,-15.065591646108
5.7,1.875,-23.5780973013805
5.7,1.9375,-31.5093054465923
5.7,2,-38.6639522659599
5.7,2.0625,-44.8659052123857
5.7,2.125,-49.9624838223205
5.7,2.1875,-53.8282178935799
5.7,2.25,-56.3679504128639
5.7,2.3125,-57.5191715744527
5.7,2.375,-57.2535608340738
5.7,2.4375,-55.5776832759464
5.7,2.5,-52.5328243134254
6,0,-343.888
6,0.0625,-208.104640638712
6,0.125,-72.3210990475548
6,0.1875,-38.4683334353876
6,0.25,-24.2686580312928
6,0.3125,-13.929039414974
6,0.375,-4.38789637528222
6,0.4375,4.88546899471399
6,0.5,13.8779907441497
6,0.5625,22.4457735554317
6,0.625,30.4126233833494
6,0.6875,37.6004729075794
6,0.75,43.8426784775497
6,0.8125,48.9918345008803
6,0.875,52.925177442051
6,0.9375,55.5485359840958
6,1,56.7991626523227
6,1.0625,56.6475759010353
6,1.125,55.0984647632246
6,1.1875,52.1906846593826
6,1.25,47.9963722383029
6,1.3125,42.6192166886389
6,1.375,36.1919392580116
6,1.4375,28.873047992053
6,1.5,20.8429512190136
6,1.5625,12.2995274776201
6,1.625,3.45326219419094
6,1.6875,-5.47792834845387
6,1.75,-14.2740575105388
6,1.8125,-22.7184805776579
6,1.875,-30.603226571742
6,1.9375,-37.7341159811268
6,2,-43.935540503886
6,2.0625,-49.0547849699904
6,2.125,-52.9657867550555
6,2.1875,-55.5722385307388
6,2.25,-56.8099588032521
6,2.3125,-56.6484715554021
6,2.375,-55.0917561644032
6,2.4375,-52.1781487463452
6,2.5,-47.9793981038063
6.3,0,-380.958
6.3,0.0625,-227.032373856376
6.3,0.125,-73.1067779899527
6.3,0.1875,-34.121849129994
6.3,0.25,-18.1152597790509
6.3,0.3125,-7.0321194238769
6.3,0.375,2.77805587019112
6.3,0.4375,12.0272802881542
6.3,0.5,20.7707873810419
6.3,0.5625,28.8981145570853
6.3,0.625,36.2557736647614
6.3,0.6875,42.6860980451211
6.3,0.75,48.0436276953084
6.3,0.8125,52.2039389837036
6.3,0.875,55.0691661427441
6.3,0.9375,56.5716770094398
6.3,1,56.676408033021
6.3,1.0625,55.3820988472623
6.3,1.125,52.7215461616272
6.3,1.1875,48.7609281509419
6.3,1.25,43.5982574086403
6.3,1.3125,37.3610178386283
6.3,1.375,30.2030731405789
6.3,1.4375,22.3008837434297
6.3,1.5,13.8491893891948
6.3,1.5625,5.05622605669157
6.3,1.625,-3.86139529312069
6.3,1.6875,-12.6840170217473
6.3,1.75,-21.1943370239324
6.3,1.8125,-29.1827564882774
6.3,1.875,-36.4525376536699
6.3,1.9375,-42.8246438330333
6.3,2,-48.1421515562618
6.3,2.0625,-52.2741126606238
6.3,2.125,-55.1187668754974
6.3,2.1875,-56.6060603809877
6.3,2.25,-56.6993667037459
6.3,2.3125,-55.3963833831559
6.3,2.375,-52.7291915667506
6.3,2.4375,-48.7634650687896
6.3,2.5,-43.5968531720546
6.6,0,-380.002
6.6,0.0625,-222.68016926869
6.6,0.125,-65.358126413829
6.6,0.1875,-26.2440306879954
6.6,0.25,-10.6752168429386
6.6,0.3125,-0.210507732506754
6.6,0.375,8.82940519081104
6.6,0.4375,17.1591673477415
6.6,0.5,24.8491052034544
6.6,0.5625,31.8134598581641
6.6,0.625,37.9284649744965
6.6,0.6875,43.068589919303
6.6,0.75,47.1214954881578
6.6,0.8125,49.9959204228363
6.6,0.875,51.6264320589988
6.6,0.9375,51.9763579054263
6.6,1,51.0394222564356
6.6,1.0625,48.8403233485902
6.6,1.125,45.4343760837917
6.6,1.1875,40.906304155472
6.6,1.25,35.368250406256
6.6,1.3125,28.9570777435854
6.6,1.375,21.8310405103998
6.6,1.4375,14.1659149118316
6.6,1.5,6.15069330136203
6.6,1.5625,-2.01705889909355
6.6,1.625,-10.1360576152923
6.6,1.6875,-18.006246918824
6.6,1.75,-25.433720651546
6.6,1.8125,-32.2354925121988
6.6,1.875,-38.2439983644821
6.6,1.9375,-43.311219931001
6.6,2,-47.3123261349651
6.6,2.0625,-50.1487459850689
6.6,2.125,-51.7505946845753
6.6,2.1875,-52.0783929093472
6.6,2.25,-51.1240378665401
6.6,2.3125,-48.9110019293329
6.6,2.375,-45.4937540639907
6.6,2.4375,-40.9564183798398
6.6,2.5,-35.4107018569747
6.9,0,-403.913
6.9,0.0625,-232.540915673579
6.9,0.125,-61.1692607304441
6.9,0.1875,-18.5024140244496
6.9,0.25,-1.72465807922483
6.9,0.3125,9.10170202707804
6.9,0.375,18.0131389046813
6.9,0.4375,25.8523996193429
6.9,0.5,32.7589269211968
6.9,0.5625,38.69667238975
6.9,0.625,43.5846015296022
6.9,0.6875,47.3378435432384
6.9,0.75,49.8846709284792
6.9,0.8125,51.1750324096928
6.9,0.875,51.185215107491
6.9,0.9375,49.9202864384179
6.9,1,47.4150188246333
6.9,1.0625,43.7336485963201
6.9,1.125,38.9686647195954
6.9,1.1875,33.238761185465
6.9,1.25,26.6860605677629
6.9,1.3125,19.4727100207643
6.9,1.375,11.7769527245395
6.9,1.4375,3.78878204189816
6.9,1.5,-4.2947034424343
6.9,1.5625,-12.274132870389
6.9,1.625,-19.9527577134777
6.9,1.6875,-27.141281026968
6.9,1.75,-33.6625121138891
6.9,1.8125,-39.355720847196
6.9,1.875,-44.0805902067267
6.9,1.9375,-47.720667838894
6.9,2,-50.1862283991426
6.9,2.0625,-51.4164813714216
6.9,2.125,-51.38106561743
6.9,2.1875,-50.0807953144534
6.9,2.25,-47.5476376413637
6.9,2.3125,-43.8439246667924
6.9,2.375,-39.0608175205677
6.9,2.4375,-33.3160607498269
6.9,2.5,-26.7510823441697
7.2,0,-401.042
7.2,0.0625,-226.50063657447
7.2,0.125,-51.9593272346754
7.2,0.1875,-9.01878727462832
7.2,0.25,7.25615521638908
7.2,0.3125,17.2496537030939
7.2,0.375,25.1184638562864
7.2,0.4375,31.7508973809589
7.2,0.5,37.3159391481299
7.2,0.5625,41.806631956707
7.2,0.625,45.174129625949
7.2,0.6875,47.3687641462818
7.2,0.75,48.3559509197185
7.2,0.8125,48.1234540304018
7.2,0.875,46.6848434712693
7.2,0.9375,44.0808322024778
7.2,1,40.3792367423356
7.2,1.0625,35.6738502387774
7.2,1.125,30.0824797283889
7.2,1.1875,23.7442617671997
7.2,1.25,16.8163780169383
7.2,1.3125,9.47027741210531
7.2,1.375,1.88753145533444
7.2,1.4375,-5.74460667525242
7.2,1.5,-13.2377718759772
7.2,1.5625,-20.4071014166525
7.2,1.625,-27.0757674972387
7.2,1.6875,-33.0793229161968
7.2,1.75,-38.2697374073242
7.2,1.8125,-42.5190348183462
7.2,1.875,-45.7224393165313
7.2,1.9375,-47.8009464030635
7.2,2,-48.703271490892
7.2,2.0625,-48.4071062779093
7.2,2.125,-46.919665282494
7.2,2.1875,-44.2774999522106
7.2,2.25,-40.5456130364668
7.2,2.3125,-35.8158431005628
7.2,2.375,-30.2046064730292
7.2,2.4375,-23.8500296340781
7.2,2.5,-16.9085472563027
7.5,0,-396.408
7.5,0.0625,-221.496089829719
7.5,0.125,-46.584645999
7.5,0.1875,-3.64487963146431
7.5,0.25,12.266331555499
7.5,0.3125,21.7455971384863
7.5,0.375,29.0061507042296
7.5,0.4375,34.9499519894065
7.5,0.5,39.7563024091241
7.5,0.5625,43.4321291085945
7.5,0.625,45.9457312724971
7.5,0.6875,47.2667197014348
7.5,0.75,47.3809701823794
7.5,0.8125,46.2971301052075
7.5,0.875,44.0494140287306
7.5,0.9375,40.6983468000141
7.5,1,36.3301537381884
7.5,1.0625,31.0551481823718
7.5,1.125,25.0053229486488
7.5,1.1875,18.3312926399555
7.5,1.25,11.1987097130664
7.5,1.3125,3.78426916365773
7.5,1.375,-3.72858399348914
7.5,1.4375,-11.1541307568455
7.5,1.5,-18.3089203437239
7.5,1.5625,-25.0162648554107
7.5,1.625,-31.1105718950427
7.5,1.6875,-36.4414087895885
7.5,1.75,-40.8771955462311
7.5,1.8125,-44.308435919282
7.5,1.875,-46.6504067927129
7.5,1.9375,-47.8452382845526
7.5,2,-47.8633339460092
7.5,2.0625,-46.704095480268
7.5,2.125,-44.3959341465502
7.5,2.1875,-40.9955684454666
7.5,2.25,-36.5866249460473
7.5,2.3125,-31.2775773953175
7.5,2.375,-25.1990737576793
7.5,2.4375,-18.500717970438
7.5,2.5,-11.3473848522343
7.8,0,-406.035
7.8,0.0625,-223.172251282705
7.8,0.125,-40.3094578663988
7.8,0.1875,4.52522492597321
7.8,0.25,20.8714626179714
7.8,0.3125,30.1657248264184
7.8,0.375,36.8654976776775
7.8,0.4375,41.9775111322356
7.8,0.5,45.7405815076314
7.8,0.5625,48.205175718698
7.8,0.625,49.3781734311111
7.8,0.6875,49.2668781168642
7.8,0.75,47.8951611951365
7.8,0.8125,45.3099558305815
7.8,0.875,41.5835394411586
7.8,0.9375,36.8135603767694
7.8,1,31.121641942111
7.8,1.0625,24.6509790866101
7.8,1.125,17.5631751009531
7.8,1.1875,10.0344923637332
7.8,1.25,2.25166452619128
7.8,1.3125,-5.59259972553281
7.8,1.375,-13.3042899483861
7.8,1.4375,-20.6928209324471
7.8,1.5,-27.5756887995284
7.8,1.5625,-33.7829378665832
7.8,1.625,-39.1613254640071
7.8,1.6875,-43.5780799050723
7.8,1.75,-46.9241580507125
7.8,1.8125,-49.1169211007628
7.8,1.875,-50.1021624857718
7.8,1.9375,-49.8554366072292
7.8,2,-48.382656533301
7.8,2.0625,-45.7199445453442
7.8,2.125,-41.9327397586556
7.8,2.1875,-37.114184352841
7.8,2.25,-31.3828280406301
7.8,2.3125,-24.879707376597
7.8,2.375,-17.7648715099415
7.8,2.4375,-10.2134400274053
7.8,2.5,-2.41128992422213
8.1,0,-393.553
8.1,0.0625,-212.530159654039
8.1,0.125,-31.5070259848096
8.1,0.1875,12.7584701570235
8.1,0.25,28.5368363665009
8.1,0.3125,37.1001744841986
8.1,0.375,42.8905567181412
8.1,0.4375,46.9286974801952
8.1,0.5,49.4785611258322
8.1,0.5625,50.6218250822955
8.1,0.625,50.4000719186425
8.1,0.6875,48.8571689942032
8.1,0.75,46.0542235978293
8.1,0.8125,42.0750908872266
8.1,0.875,37.0277628063236
8.1,0.9375,31.0435572950421
8.1,1,24.2749369458981
8.1,1.0625,16.8923843690188
8.1,1.125,9.08059806445339
8.1,1.1875,1.03419991328229
8.1,1.25,-7.04688587042674
8.1,1.3125,-14.9622372684278
8.1,1.375,-22.5157854422419
8.1,1.4375,-29.5205819557948
8.1,1.5,-35.8033569640578
8.1,1.5625,-41.2087517647702
8.1,1.625,-45.6031184435599
8.1,1.6875,-48.877790461812
8.1,1.75,-50.9517428005547
8.1,1.8125,-51.7735743835395
8.1,1.875,-51.3227639128527
8.1,1.9375,-49.6101670120107
8.1,2,-46.6777423512832
8.1,2.0625,-42.5975133353911
8.1,2.125,-37.4697898788424
8.1,2.1875,-31.4206952605101
8.1,2.25,-24.5990570037706
8.1,2.3125,-17.1727403869426
8.1,2.375,-9.32451217074994
8.1,2.4375,-1.24753920279272
8.1,2.5,6.85936986073305
8.4,0,-383.138
8.4,0.0625,-202.875865767169
8.4,0.125,-22.6133269691538
8.4,0.1875,20.3120884309819
8.4,0.25,35.0459095819416
8.4,0.3125,42.6308102400906
8.4,0.375,47.3955036997597
8.4,0.4375,50.3347940937469
8.4,0.5,51.7210457236415
8.4,0.5625,51.657118775552
8.4,0.625,50.2108013528813
8.4,0.6875,47.4541001891047
8.4,0.75,43.4766457674012
8.4,0.8125,38.3901805888444
8.4,0.875,32.3291353306774
8.4,0.9375,25.4491103024977
8.4,1,17.9240658146672
8.4,1.0625,9.94264860088674
8.4,1.125,1.70392485396976
8.4,1.1875,-6.58727850615424
8.4,1.25,-14.7252573399889
8.4,1.3125,-22.5083862479299
8.4,1.375,-29.7440078774415
8.4,1.4375,-36.2531228970568
8.4,1.5,-41.8747587191415
8.4,1.5625,-46.4699044106487
8.4,1.625,-49.9249120965953
8.4,1.6875,-52.1542788114584
8.4,1.75,-53.1027392851295
8.4,1.8125,-52.7466167213533
8.4,1.875,-51.0943979648133
8.4,1.9375,-48.1865181416021
8.4,2,-44.0943598780301
8.4,2.0625,-38.918491502897
8.4,2.125,-32.7861872194737
8.4,2.1875,-25.8482902547262
8.4,2.25,-18.2754962275256
8.4,2.3125,-10.2541480583664
8.4,2.375,-1.98164585088787
8.4,2.4375,6.33841535613387
8.4,2.5,14.5012597969127
8.7,0,-359.905
8.7,0.0625,-186.604851646197
8.7,0.125,-13.3046828407348
8.7,0.1875,27.0935178457628
8.7,0.25,40.4291503200186
8.7,0.3125,46.8881536783177
8.7,0.375,50.5651083359686
8.7,0.4375,52.3943625384648
8.7,0.5,52.6425192263079
8.7,0.5625,51.4264122252206
8.7,0.625,48.8357389751576
8.7,0.6875,44.9676025398367
8.7,0.75,39.9375618684508
8.7,0.8125,33.8826846319807
8.7,0.875,26.9611020804336
8.7,0.9375,19.3496947406126
8.7,1,11.2406417378941
8.7,1.0625,2.83723167337124
8.7,1.125,-5.65080203176061
8.7,1.1875,-14.0122238453323
8.7,1.25,-22.0393481123071
8.7,1.3125,-29.5330491998676
8.7,1.375,-36.3075907852631
8.7,1.4375,-42.1951451686666
8.7,1.5,-47.0498855094699
8.7,1.5625,-50.7515459327273
8.7,1.625,-53.2083591621652
8.7,1.6875,-54.3592976474938
8.7,1.75,-54.1755614987421
8.7,1.8125,-52.6612758768804
8.7,1.875,-49.8533798519683
8.7,1.9375,-45.8207089637568
8.7,2,-40.6622939473074
8.7,2.0625,-34.5049168193484
8.7,2.125,-27.4999846585685
8.7,2.1875,-19.8197977707181
8.7,2.25,-11.6533040059965
8.7,2.3125,-3.20144324054598
8.7,2.375,5.32780218702634
8.7,2.4375,13.7245311524561
8.7,2.5,21.7820935544187
9,0,-318.611
9,0.0625,-161.062656207864
9,0.125,-3.51430667294399
9,0.1875,33.228385081607
9,0.25,45.2092663582806
9,0.3125,50.6163533424445
9,0.375,53.177499854007
9,0.4375,53.7943350240368
9,0.5,52.7655116486331
9,0.5625,50.2492961525842
9,0.625,46.3753989328517
9,0.6875,41.2777065909902
9,0.75,35.1053286450078
9,0.8125,28.0253225816145
9,0.875,20.2220845374483
9,0.9375,11.8947882971631
9,1,3.25352291503142
9,1.0625,-5.48520650255004
9,1.125,-14.1033836007249
9,1.1875,-22.3866006874021
9,1.25,-30.1291316456967
9,1.3125,-37.1389267249043
9,1.375,-43.2422476225587
9,1.4375,-48.2877899780229
9,1.5,-52.1505501653952
9,1.5625,-54.734667602635
9,1.625,-55.9759662731029
9,1.6875,-55.8433745210681
9,1.75,-54.3397195936727
9,1.8125,-51.5016445748643
9,1.875,-47.3986975973334
9,1.9375,-42.1315694466413
9,2,-35.8297608051426
9,2.0625,-28.6482129336232
9,2.125,-20.7635296485514
9,2.1875,-12.3696707870852
9,2.25,-3.67316484563729
9,2.3125,5.11200851417058
9,2.375,13.7696638505829
9,2.4375,22.0867524365329
9,2.5,29.858575735283
9.3,0,-263.626
9.3,0.0625,-128.65672968847
9.3,0.125,6.31271505070142
9.3,0.1875,37.5407848317349
9.3,0.25,47.2206185081169
9.3,0.3125,51.0358700731993
9.3,0.375,52.2178579122824
9.3,0.4375,51.5631213316366
9.3,0.5,49.354864725783
9.3,0.5625,45.7611169603936
9.3,0.625,40.9292193703906
9.3,0.6875,35.0123704783865
9.3,0.75,28.1776233800033
9.3,0.8125,20.6072922892334
9.3,0.875,12.497344649721
9.3,0.9375,4.05425073462645
9.3,1,-4.5091539545739
9.3,1.0625,-12.9783180094337
9.3,1.125,-21.141874061063
9.3,1.1875,-28.7965983873184
9.3,1.25,-35.7522445908934
9.3,1.3125,-41.8361313881153
9.3,1.375,-46.8972913912671
9.3,1.4375,-50.8101507534304
9.3,1.5,-53.4775590760551
9.3,1.5625,-54.8331627561577
9.3,1.625,-54.8430117102322
9.3,1.6875,-53.5063759346923
9.3,1.75,-50.8557491122747
9.3,1.8125,-46.9560367508317
9.3,1.875,-41.9029485003832
9.3,1.9375,-35.8206342181685
9.3,2,-28.858620633381
9.3,2.0625,-21.1881342493229
9.3,2.125,-12.9978419009834
9.3,2.1875,-4.48925725732589
9.3,2.25,4.12825333526444
9.3,2.3125,12.642629574245
9.3,2.375,20.8443362510161
9.3,2.4375,28.5315238831536
9.3,2.5,35.5149997153835
9.6,0,-205.109
9.6,0.0625,-95.2511089499996
9.6,0.125,14.6068339916187
9.6,0.1875,40.3102783708887
9.6,0.25,48.0125231482207
9.6,0.3125,50.4873691762662
9.6,0.375,50.4738592994834
9.6,0.4375,48.7050791655712
9.6,0.5,45.4730276037709
9.6,0.5625,40.9647442411447
9.6,0.625,35.3463249489601
9.6,0.6875,28.7875303907081
9.6,0.75,21.4691161895182
9.6,0.8125,13.5837654005018
9.6,0.875,5.33411124027715
9.6,0.9375,-3.07072626942338
9.6,1,-11.4194130739859
9.6,1.0625,-19.5030781527543
9.6,1.125,-27.1201278267452
9.6,1.1875,-34.080996467738
9.6,1.25,-40.2126726774958
9.6,1.3125,-45.3628613648556
9.6,1.375,-49.4036651169134
9.6,1.4375,-52.2346796195571
9.6,1.5,-53.7854348269941
9.6,1.5625,-54.0170980790241
9.6,1.625,-52.9234107654469
9.6,1.6875,-50.5308249310715
9.6,1.75,-46.8978389862995
9.6,1.8125,-42.1135468092216
9.6,1.875,-36.2954361498363
9.6,1.9375,-29.5864880385254
9.6,2,-22.1516510857353
9.6,2.0625,-14.1737762516056
9.6,2.125,-5.84910738708012
9.6,2.1875,2.61755082201702
9.6,2.25,11.0178787565283
9.6,2.3125,19.1451747952847
9.6,2.375,26.7994462546149
9.6,2.4375,33.7923358013517
9.6,2.5,39.9517608695706
9.9,0,-134.532
9.9,0.0625,-54.1407223924601
9.9,0.125,26.2504008622644
9.9,0.1875,43.4241205752374
9.9,0.25,47.4008152325077
9.9,0.3125,47.5477580841046
9.9,0.375,45.7750910293719
9.9,0.4375,42.578913484407
9.9,0.5,38.1766692470161
9.9,0.5625,32.7341798393969
9.9,0.625,26.4154931292506
9.9,0.6875,19.394345041819
9.9,0.75,11.8555864831752
9.9,0.8125,3.99320903587562
9.9,0.875,-3.99309459045893
9.9,0.9375,-11.9020891663638
9.9,1,-19.5354918926118
9.9,1.0625,-26.7025609560969
9.9,1.125,-33.2245965129041
9.9,1.1875,-38.9392047011517
9.9,1.25,-43.7041998332236
9.9,1.3125,-47.4010341823009
9.9,1.375,-49.9376646181357
9.9,1.4375,-51.2507783720584
9.9,1.5,-51.307321091309
9.9,1.5625,-50.1052868280359
9.9,1.625,-47.6737482290004
9.9,1.6875,-44.0721253324081
9.9,1.75,-39.3887107944055
9.9,1.8125,-33.7384855649841
9.9,1.875,-27.2602798343234
9.9,1.9375,-20.1133481688873
9.9,2,-12.4734423574249
9.9,2.0625,-4.5284798286794
9.9,2.125,3.52608766472336
9.9,2.1875,11.4920895863231
9.9,2.25,19.173519052082
9.9,2.3125,26.3813611522793
9.9,2.375,32.9382493854769
9.9,2.4375,38.6828342065505
9.9,2.5,43.4737578065325
10.2,0,-47.2587
10.2,0.0625,-6.52505011710036
10.2,0.125,34.2086278756385
10.2,0.1875,43.1409713508204
10.2,0.25,44.5955119322207
10.2,0.3125,43.2862963031203
10.2,0.375,40.307849133312
10.2,0.4375,36.0429893787288
10.2,0.5,30.7199649798865
10.2,0.5625,24.5317023526469
10.2,0.625,17.6658816351682
10.2,0.6875,10.3132006988698
10.2,0.75,2.66862107414111
10.2,0.8125,-5.07032223041724
10.2,0.875,-12.7066400421898
10.2,0.9375,-20.0477163313659
10.2,1,-26.9094304828919
10.2,1.0625,-33.1203027093737
10.2,1.125,-38.5254663687574
10.2,1.1875,-42.9903161768053
10.2,1.25,-46.4037105663311
10.2,1.3125,-48.6806305421108
10.2,1.375,-49.7642179561539
10.2,1.4375,-49.627135662901
10.2,1.5,-48.2722113350175
10.2,1.5625,-45.7323457175837
10.2,1.625,-42.0696858893972
10.2,1.6875,-37.3740820504498
10.2,1.75,-31.76086523377
10.2,1.8125,-25.367999363339
10.2,1.875,-18.3526779688208
10.2,1.9375,-10.8874484470644
10.2,2,-3.15595929156667
10.2,2.0625,4.65156544183983
10.2,2.125,12.3430126083859
10.2,2.1875,19.7291129837299
10.2,2.25,26.6281035385379
10.2,2.3125,32.8702045200968
10.2,2.375,38.3018017023958
10.2,2.4375,42.7892296176035
10.2,2.5,46.2220642064977
10.5,0,31.7502
10.5,0.0625,36.9583972180117
10.5,0.125,42.1665936791129
10.5,0.1875,42.3884552829637
10.5,0.25,40.5087786345577
10.5,0.3125,37.2042974568406
10.5,0.375,32.7688173032161
10.5,0.4375,27.4057051316261
10.5,0.5,21.2941588508083
10.5,0.5625,14.6099033294035
10.5,0.625,7.5318341354253
10.5,0.6875,0.242841489026316
10.5,0.75,-7.07209005781201
10.5,0.8125,-14.2290987810707
10.5,0.875,-21.0492615495838
10.5,0.9375,-27.3626094255189
10.5,1,-33.0120908458199
10.5,1.0625,-37.8573065193869
10.5,1.125,-41.7778849338534
10.5,1.1875,-44.676393434987
10.5,1.25,-46.4807004648812
10.5,1.3125,-47.1457263296683
10.5,1.375,-46.6545334915538
10.5,1.4375,-45.0187291278587
10.5,1.5,-42.2781672111798
10.5,1.5625,-38.4999579904002
10.5,1.625,-33.7768074682733
10.5,1.6875,-28.2247283823911
10.5,1.75,-21.9801781136945
10.5,1.8125,-15.1966940045686
10.5,1.875,-8.04110912706304
10.5,1.9375,-0.689440597468509
10.5,2,6.67744684541095
10.5,2.0625,13.8782971472609
10.5,2.125,20.7359280463533
10.5,2.1875,27.0815954999436
10.5,2.25,32.7591504630017
10.5,2.3125,37.6288851190074
10.5,2.375,41.5709738293507
10.5,2.4375,44.4884251937458
10.5,2.5,46.309470557491
10.8,0,82.2247
10.8,0.0625,65.5255448998866
10.8,0.125,48.8263780059733
10.8,0.1875,44.4109165133599
10.8,0.25,40.9337772834884
10.8,0.3125,36.5922810984469
10.8,0.375,31.2466910528845
10.8,0.4375,25.0334128489826
10.8,0.5,18.1328234852264
10.8,0.5625,10.7348593526395
10.8,0.625,3.03449106200975
10.8,0.6875,-4.77031895199597
10.8,0.75,-12.4816139143358
10.8,0.8125,-19.9052818502184
10.8,0.875,-26.8553039662522
10.8,0.9375,-33.1579926363887
10.8,1,-38.6560789754427
10.8,1.0625,-43.2124776647192
10.8,1.125,-46.7135810474412
10.8,1.1875,-49.0719975466506
10.8,1.25,-50.2286725043121
10.8,1.3125,-50.1542953609871
10.8,1.375,-48.8499808979475
10.8,1.4375,-46.347227455912
10.8,1.5,-42.7071613443686
10.8,1.5625,-38.0189583695565
10.8,1.625,-32.3977034823693
10.8,1.6875,-25.9814985520179
10.8,1.75,-18.9280350993662
10.8,1.8125,-11.4107268898737
10.8,1.875,-3.61447202421321
10.8,1.9375,4.26895811518255
10.8,2,12.0455975726072
10.8,2.0625,19.5240964662836
10.8,2.125,26.520443475071
10.8,2.1875,32.8624882514422
10.8,2.25,38.394169926189
10.8,2.3125,42.9793708578846
10.8,2.375,46.5052692663731
10.8,2.4375,48.8851189117244
10.8,2.5,50.060395189177
11.1,0,169.702
11.1,0.0625,113.89513399864
11.1,0.125,58.0885447288365
11.1,0.1875,43.911779612784
11.1,0.25,36.7336944345998
11.1,0.3125,30.2201373031807
11.1,0.375,23.2902492015569
11.1,0.4375,15.8624010724042
11.1,0.5,8.06126614865608
11.1,0.5625,0.0625181716169972
11.1,0.625,-7.94260686491665
11.1,0.6875,-15.7592260531141
11.1,0.75,-23.1956564829021
11.1,0.8125,-30.0688828511214
11.1,0.875,-36.2094027364991
11.1,0.9375,-41.4655760111644
11.1,1,-45.7074569612923
11.1,1.0625,-48.8300501479045
11.1,1.125,-50.7559283461102
11.1,1.1875,-51.4371568961414
11.1,1.25,-50.8564833442547
11.1,1.3125,-49.0277664176227
11.1,1.375,-45.9956353078897
11.1,1.4375,-41.8343897265561
11.1,1.5,-36.6461681721494
11.1,1.5625,-30.558430179452
11.1,1.625,-23.7208148689265
11.1,1.6875,-16.3014534146537
11.1,1.75,-8.48282625390116
11.1,1.8125,-0.457267134433429
11.1,1.875,7.57777515279957
11.1,1.9375,15.4246008567781
11.1,2,22.8901292531544
11.1,2.0625,29.7906547249626
11.1,2.125,35.9563716404235
11.1,2.1875,41.2355571258662
11.1,2.25,45.4983080069671
11.1,2.3125,48.6397406495972
11.1,2.375,50.582574463451
11.1,2.4375,51.2790355428951
11.1,2.5,50.7120340016424
11.4,0,231.23
11.4,0.0625,149.266632518156
11.4,0.125,67.3031450245206
11.4,0.1875,46.198690120779
11.4,0.25,36.0592691456241
11.4,0.3125,27.5948884642905
11.4,0.375,19.1173085654892
11.4,0.4375,10.4053754986807
11.4,0.5,1.54823198424852
11.4,0.5625,-7.28610157415188
11.4,0.625,-15.9054355267404
11.4,0.6875,-24.1120213773938
11.4,0.75,-31.7125329529166
11.4,0.8125,-38.5252380455384
11.4,0.875,-44.3857855946427
11.4,0.9375,-49.1520161777311
11.4,1,-52.7079239082304
11.4,1.0625,-54.9667975281116
11.4,1.125,-55.8735344822663
11.4,1.1875,-55.4061116028411
11.4,1.25,-53.5762016611692
11.4,1.3125,-50.4289337178793
11.4,1.375,-46.0418141261979
11.4,1.4375,-40.5228392912433
11.4,1.5,-34.0078507189956
11.4,1.5625,-26.6571999453272
11.4,1.625,-18.6518067200081
11.4,1.6875,-10.1887084064071
11.4,1.75,-1.47621167667048
11.4,1.8125,7.27123519821148
11.4,1.875,15.8383207920786
11.4,1.9375,24.0141721868087
11.4,2,31.5975459643724
11.4,2.0625,38.4017840031257
11.4,2.125,44.2594089833064
11.4,2.1875,49.0262485693117
11.4,2.25,52.5849852370236
11.4,2.3125,54.8480452935894
11.4,2.375,55.7597553533533
11.4,2.4375,55.297713410501
11.4,2.5,53.4733406458772
11.7,0,288.682
11.7,0.0625,179.717670170336
11.7,0.125,70.7536106242071
11.7,0.1875,42.9796202677138
11.7,0.25,30.5763576757192
11.7,0.3125,21.066751328729
11.7,0.375,12.0225034103139
11.7,0.4375,3.02053844896641
11.7,0.5,-5.91462842730546
11.7,0.5625,-14.6382642797048
11.7,0.625,-22.9698257780248
11.7,0.6875,-30.7197458435619
11.7,0.75,-37.7074104240285
11.7,0.8125,-43.7645631415482
11.7,0.875,-48.7444431206479
11.7,0.9375,-52.5257442106858
11.7,1,-55.0159938512002
11.7,1.0625,-56.154149017379
11.7,1.125,-55.9122587233007
11.7,1.1875,-54.2962430652825
11.7,1.25,-51.34579583161
11.7,1.3125,-47.1334373103858
11.7,1.375,-41.762745828727
11.7,1.4375,-35.3658169199678
11.7,1.5,-28.1000327330394
11.7,1.5625,-20.1443299006407
11.7,1.625,-11.6938242355489
11.7,1.6875,-2.957168582397
11.7,1.75,5.85085988827691
11.7,1.8125,14.5134655562332
11.7,1.875,22.8178053412355
11.7,1.9375,30.5581591968335
11.7,2,37.545972726468
11.7,2.0625,43.6081025052948
11.7,2.125,48.5955164906672
11.7,2.1875,52.3855045177122
11.7,2.25,54.8848098749461
11.7,2.3125,56.0319472781934
11.7,2.375,55.7987204851828
11.7,2.4375,54.1909179769501
11.7,2.5,51.2481706381879
12,0,338.92
12,0.0625,204.955123869401
12,0.125,70.9903408558475
12,0.1875,38.3569611152178
12,0.25,24.7819590727871
12,0.3125,14.7884637280354
12,0.375,5.45802195056291
12,0.4375,-3.68327854112304
12,0.5,-12.599381888055
12,0.5625,-21.1363986277726
12,0.625,-29.1131243686818
12,0.6875,-36.3482443959729
12,0.75,-42.6722768424127
12,0.8125,-47.9347004892163
12,0.875,-52.0090028071256
12,0.9375,-54.799297195431
12,1,-56.2352689717142
12,1.0625,-56.284389695725
12,1.125,-54.9467715407738
12,1.1875,-52.2517753141221
12,1.25,-48.2736412796424
12,1.3125,-43.1051031202679
12,1.375,-36.8751765098796
12,1.4375,-29.7374542371527
12,1.5,-21.8678341738048
12,1.5625,-13.4601988993289
12,1.625,-4.72164965952264
12,1.6875,4.13258688510129
12,1.75,12.8844533539148
12,1.8125,21.3184271435773
12,1.875,29.2268242320382
12,1.9375,36.4149106524089
12,2,42.7056955011843
12,2.0625,47.9442874893198
12,2.125,52.0009686563865
12,2.1875,54.778590160247
12,2.25,56.2052959411267
12,2.3125,56.2483865860069
12,2.375,54.9041740553496
12,2.4375,52.2078182603224
12,2.5,48.2270610664674
36,0,343.303
36,0.0625,207.444
36,0.125,71.5858
36,0.1875,38.5273
36,0.25,24.683
36,0.3125,14.4737
36,0.375,4.97508
36,0.4375,-4.29151
36,0.5,-13.2957
36,0.5625,-21.8883
36,0.625,-29.8917
36,0.6875,-37.1274
36,0.75,-43.4283
36,0.8125,-48.6463
36,0.875,-52.6575
36,0.9375,-55.3659
36,1,-56.7071
36,1.0625,-56.6493
36,1.125,-55.1951
36,1.1875,-52.3808
36,1.25,-48.2762
36,1.3125,-42.9828
36,1.375,-36.6312
36,1.4375,-29.3779
36,1.5,-21.4016
36,1.5625,-12.8988
36,1.625,-4.07894
36,1.6875,4.84079
36,1.75,13.6407
36,1.8125,22.1042
36,1.875,30.0228
36,1.9375,37.2016
36,2,43.4637
36,2.0625,48.6551
36,2.125,52.6479
36,2.1875,55.3439
36,2.25,56.6765
36,2.3125,56.6132
36,2.375,55.1553
36,2.4375,52.3389
36,2.5,48.2334
